-- phpMyAdmin SQL Dump
-- version 5.2.1
-- https://www.phpmyadmin.net/
--
-- Servidor: 127.0.0.1
-- Tiempo de generación: 27-06-2025 a las 05:45:05
-- Versión del servidor: 10.4.32-MariaDB
-- Versión de PHP: 8.0.30

SET SQL_MODE = "NO_AUTO_VALUE_ON_ZERO";
START TRANSACTION;
SET time_zone = "+00:00";


/*!40101 SET @OLD_CHARACTER_SET_CLIENT=@@CHARACTER_SET_CLIENT */;
/*!40101 SET @OLD_CHARACTER_SET_RESULTS=@@CHARACTER_SET_RESULTS */;
/*!40101 SET @OLD_COLLATION_CONNECTION=@@COLLATION_CONNECTION */;
/*!40101 SET NAMES utf8mb4 */;

--
-- Base de datos: `sismaai`
--

-- --------------------------------------------------------

--
-- Estructura de tabla para la tabla `administrador`
--

CREATE TABLE `administrador` (
  `Id_admin` int(11) NOT NULL,
  `nom_admin` varchar(255) NOT NULL,
  `apellido_admin` varchar(255) NOT NULL,
  `Username_admin` varchar(100) NOT NULL,
  `edad_admin` int(11) NOT NULL,
  `Sexo_admin` varchar(20) NOT NULL,
  `Correo_admin` varchar(255) NOT NULL,
  `Telefono_admin` varchar(10) NOT NULL,
  `Contraseña_admin` varchar(80) NOT NULL,
  `Id_Dispositivo` int(11) DEFAULT NULL
) ENGINE=InnoDB DEFAULT CHARSET=latin1 COLLATE=latin1_swedish_ci;

--
-- Volcado de datos para la tabla `administrador`
--

INSERT INTO `administrador` (`Id_admin`, `nom_admin`, `apellido_admin`, `Username_admin`, `edad_admin`, `Sexo_admin`, `Correo_admin`, `Telefono_admin`, `Contraseña_admin`, `Id_Dispositivo`) VALUES
(1, 'Juan', 'Perez', 'juanperez', 35, 'Masculino', 'juan@example.com', '1234567890', 'abc123', NULL);

-- --------------------------------------------------------

--
-- Estructura de tabla para la tabla `alerta`
--

CREATE TABLE `alerta` (
  `Id_Alerta` int(11) NOT NULL,
  `nom_alerta` varchar(255) NOT NULL,
  `fecha_alerta` date NOT NULL,
  `hora_alerta` time NOT NULL,
  `tipo_alerta` varchar(255) NOT NULL,
  `descripcion_alerta` varchar(255) NOT NULL,
  `Id_Dispositivo` int(11) DEFAULT NULL
) ENGINE=InnoDB DEFAULT CHARSET=latin1 COLLATE=latin1_swedish_ci;

--
-- Volcado de datos para la tabla `alerta`
--

INSERT INTO `alerta` (`Id_Alerta`, `nom_alerta`, `fecha_alerta`, `hora_alerta`, `tipo_alerta`, `descripcion_alerta`, `Id_Dispositivo`) VALUES
(1, 'Alerta 1', '2023-07-02', '10:30:00', 'Inundación', 'Nivel del río superó límite', 1);

-- --------------------------------------------------------

--
-- Estructura de tabla para la tabla `dispositivo`
--

CREATE TABLE `dispositivo` (
  `Id_Dispositivo` int(11) NOT NULL,
  `nom_dispositivo` varchar(255) NOT NULL,
  `altitud_dispositivo` float(10,8) NOT NULL,
  `longitud_dispositivo` decimal(11,8) NOT NULL,
  `latitud_dispositivo` decimal(10,8) NOT NULL,
  `Id_Seccion` int(11) DEFAULT NULL
) ENGINE=InnoDB DEFAULT CHARSET=latin1 COLLATE=latin1_swedish_ci;

--
-- Volcado de datos para la tabla `dispositivo`
--

INSERT INTO `dispositivo` (`Id_Dispositivo`, `nom_dispositivo`, `altitud_dispositivo`, `longitud_dispositivo`, `latitud_dispositivo`, `Id_Seccion`) VALUES
(1, 'D_chapo', 25.00000000, 2.00000000, 90.00000000, 1);

-- --------------------------------------------------------

--
-- Estructura de tabla para la tabla `favorito`
--

CREATE TABLE `favorito` (
  `fecha_favorito` date NOT NULL,
  `Id_Usuario` int(11) DEFAULT NULL,
  `Id_Dispositivo` int(11) DEFAULT NULL
) ENGINE=InnoDB DEFAULT CHARSET=latin1 COLLATE=latin1_swedish_ci;

--
-- Volcado de datos para la tabla `favorito`
--

INSERT INTO `favorito` (`fecha_favorito`, `Id_Usuario`, `Id_Dispositivo`) VALUES
('2023-07-02', 1, 1),
('2023-07-02', 1, 1);

-- --------------------------------------------------------

--
-- Estructura de tabla para la tabla `lectura_ambiental`
--

CREATE TABLE `lectura_ambiental` (
  `Id_Lec_Ambi` int(11) NOT NULL,
  `humedad` float(5,2) NOT NULL,
  `temperatura` float(5,2) NOT NULL,
  `lluvia` decimal(5,2) DEFAULT NULL,
  `presion_atmosferica` float(5,2) NOT NULL,
  `fecha_lec_ambi` date NOT NULL,
  `hora_lec_ambi` time NOT NULL,
  `Id_Dispositivo` int(11) DEFAULT NULL
) ENGINE=InnoDB DEFAULT CHARSET=latin1 COLLATE=latin1_swedish_ci;

--
-- Volcado de datos para la tabla `lectura_ambiental`
--

INSERT INTO `lectura_ambiental` (`Id_Lec_Ambi`, `humedad`, `temperatura`, `lluvia`, `presion_atmosferica`, `fecha_lec_ambi`, `hora_lec_ambi`, `Id_Dispositivo`) VALUES
(24410, 69.00, 25.80, NULL, 0.00, '2024-09-25', '14:00:56', 1),
(24411, 69.00, 25.80, NULL, 0.00, '2024-09-25', '14:01:01', 1),
(24412, 69.00, 25.80, NULL, 0.00, '2024-09-25', '14:01:05', 1),
(24413, 69.00, 25.80, NULL, 0.00, '2024-09-25', '14:01:09', 1),
(24414, 69.00, 25.80, NULL, 0.00, '2024-09-25', '14:01:13', 1),
(24415, 89.00, 23.00, NULL, 0.00, '2024-09-25', '17:13:44', 1),
(24416, 89.00, 23.20, NULL, 0.00, '2024-09-25', '17:13:51', 1),
(24417, 89.00, 23.20, NULL, 0.00, '2024-09-25', '17:14:01', 1),
(24418, 89.00, 23.40, NULL, 0.00, '2024-09-25', '17:14:06', 1),
(24419, 89.00, 23.40, NULL, 0.00, '2024-09-25', '17:14:11', 1),
(24420, 89.00, 23.40, NULL, 0.00, '2024-09-25', '17:14:18', 1);

-- --------------------------------------------------------

--
-- Estructura de tabla para la tabla `lectura_rio`
--

CREATE TABLE `lectura_rio` (
  `Id_Lec_Rio` int(11) NOT NULL,
  `nivel_ul` int(11) DEFAULT NULL,
  `nivel_lec_rio` float(5,2) NOT NULL,
  `fecha_lec_rio` date NOT NULL,
  `hora_lec_rio` time NOT NULL,
  `Id_Dispositivo` int(11) DEFAULT NULL
) ENGINE=InnoDB DEFAULT CHARSET=latin1 COLLATE=latin1_swedish_ci;

--
-- Volcado de datos para la tabla `lectura_rio`
--

INSERT INTO `lectura_rio` (`Id_Lec_Rio`, `nivel_ul`, `nivel_lec_rio`, `fecha_lec_rio`, `hora_lec_rio`, `Id_Dispositivo`) VALUES
(17290, 16, 15.00, '2024-09-25', '12:33:09', 1),
(17291, 16, 15.00, '2024-09-25', '12:33:13', 1),
(17292, 16, 15.00, '2024-09-25', '12:33:17', 1),
(17293, 16, 15.00, '2024-09-25', '12:33:22', 1),
(17294, 17, 15.00, '2024-09-25', '12:33:26', 1),
(17295, 17, 15.00, '2024-09-25', '12:33:30', 1),
(17296, 16, 15.00, '2024-09-25', '12:33:36', 1),
(17297, 17, 15.00, '2024-09-25', '12:33:39', 1),
(17299, 0, 15.00, '2024-09-25', '13:04:10', 1),
(17300, 17, 15.00, '2024-09-25', '13:04:14', 1),
(17308, 17, 15.00, '2024-09-25', '13:58:44', 1),
(17309, 16, 15.00, '2024-09-25', '13:58:48', 1),
(17310, 16, 15.00, '2024-09-25', '13:58:53', 1),
(17311, 17, 15.00, '2024-09-25', '13:58:57', 1),
(17312, 16, 15.00, '2024-09-25', '13:59:01', 1),
(17313, 17, 15.00, '2024-09-25', '13:59:06', 1),
(17314, 17, 15.00, '2024-09-25', '13:59:10', 1),
(17315, 17, 15.00, '2024-09-25', '13:59:15', 1),
(17316, 0, 0.00, '2024-09-25', '13:59:19', 1),
(17317, 17, 15.00, '2024-09-25', '13:59:23', 1),
(17318, 0, 15.00, '2024-09-25', '13:59:28', 1),
(17319, 17, 15.00, '2024-09-25', '13:59:32', 1),
(17320, 16, 15.00, '2024-09-25', '13:59:36', 1),
(17321, 16, 15.00, '2024-09-25', '13:59:41', 1),
(17322, 16, 15.00, '2024-09-25', '13:59:45', 1),
(17323, 16, 15.00, '2024-09-25', '13:59:50', 1),
(17324, 16, 15.00, '2024-09-25', '13:59:54', 1),
(17325, 16, 15.00, '2024-09-25', '14:00:03', 1),
(17326, 17, 15.00, '2024-09-25', '14:00:07', 1),
(17327, 17, 15.00, '2024-09-25', '14:00:56', 1),
(17328, 16, 15.00, '2024-09-25', '14:01:01', 1),
(17329, 16, 15.00, '2024-09-25', '14:01:05', 1),
(17330, 13, 15.00, '2024-09-25', '14:01:09', 1),
(17331, 16, 15.00, '2024-09-25', '14:01:13', 1),
(17332, 17, 15.00, '2024-09-25', '17:13:44', 1),
(17333, 17, 15.00, '2024-09-25', '17:13:51', 1),
(17334, 17, 15.00, '2024-09-25', '17:14:01', 1),
(17335, 17, 15.00, '2024-09-25', '17:14:06', 1),
(17336, 17, 15.00, '2024-09-25', '17:14:11', 1),
(17337, 17, 15.00, '2024-09-25', '17:14:18', 1),
(17338, 17, 15.00, '2024-09-25', '17:14:21', 1),
(17339, 17, 15.00, '2024-09-25', '17:15:25', 1),
(17340, 13, 15.00, '2024-09-25', '17:15:36', 1),
(17341, 17, 15.00, '2024-09-25', '17:17:04', 1),
(17342, 13, 15.00, '2024-09-25', '17:29:22', 1),
(17343, 13, 15.00, '2024-09-25', '17:29:27', 1),
(17344, 13, 15.00, '2024-09-25', '17:30:20', 1),
(17345, 13, 15.00, '2024-09-25', '17:30:33', 1),
(17346, 17, 15.00, '2024-09-25', '17:33:39', 1),
(17347, 17, 15.00, '2024-09-25', '17:33:43', 1),
(17348, 17, 15.00, '2024-09-25', '17:33:48', 1),
(17349, 13, 19.00, '2024-09-25', '17:33:59', 1),
(17350, 13, 19.00, '2024-09-25', '17:34:03', 1),
(17351, 13, 19.00, '2024-09-25', '17:34:08', 1),
(17352, 14, 16.00, '2024-09-25', '17:34:13', 1),
(17353, 13, 17.00, '2024-09-25', '17:34:16', 1),
(17354, 13, 17.00, '2024-09-25', '17:34:21', 1),
(17355, 13, 14.00, '2024-09-25', '17:34:25', 1),
(17356, 13, 14.00, '2024-09-25', '17:34:31', 1),
(17357, 13, 14.00, '2024-09-25', '17:34:37', 1),
(17358, 13, 14.00, '2024-09-25', '17:34:40', 1),
(17359, 13, 14.00, '2024-09-25', '17:34:47', 1),
(17360, 13, 14.00, '2024-09-25', '17:34:52', 1),
(17361, 13, 14.00, '2024-09-25', '17:34:57', 1),
(17362, 13, 14.00, '2024-09-25', '17:35:01', 1),
(17363, 13, 14.00, '2024-09-25', '17:35:05', 1),
(17364, 13, 14.00, '2024-09-25', '17:35:09', 1),
(17365, 13, 14.00, '2024-09-25', '17:35:14', 1),
(17366, 13, 14.00, '2024-09-25', '17:35:31', 1),
(17367, 13, 14.00, '2024-09-25', '17:35:36', 1),
(17368, 13, 14.00, '2024-09-25', '17:35:40', 1),
(17369, 13, 14.00, '2024-09-25', '17:35:45', 1),
(17370, 13, 14.00, '2024-09-25', '17:35:49', 1),
(17371, 13, 14.00, '2024-09-25', '17:35:53', 1),
(17372, 13, 14.00, '2024-09-25', '17:36:13', 1),
(17373, 13, 14.00, '2024-09-25', '17:36:17', 1),
(17374, 13, 14.00, '2024-09-25', '17:36:22', 1),
(17375, 13, 14.00, '2024-09-25', '17:36:26', 1),
(17376, 13, 14.00, '2024-09-25', '17:36:31', 1),
(17377, 13, 14.00, '2024-09-25', '17:36:55', 1),
(17378, 13, 14.00, '2024-09-25', '17:36:59', 1),
(17379, 13, 14.00, '2024-09-25', '17:37:04', 1),
(17380, 13, 16.00, '2024-09-25', '17:37:08', 1),
(17381, 13, 16.00, '2024-09-25', '17:37:14', 1),
(17382, 13, 16.00, '2024-09-25', '17:37:21', 1),
(17383, 17, 13.00, '2024-09-25', '17:37:38', 1),
(17384, 13, 13.00, '2024-09-25', '17:37:44', 1),
(17385, 13, 13.00, '2024-09-25', '17:37:49', 1),
(17386, 13, 13.00, '2024-09-25', '17:37:54', 1),
(17387, 13, 13.00, '2024-09-25', '17:38:00', 1),
(17388, 13, 14.00, '2024-09-25', '17:38:05', 1),
(17389, 13, 14.00, '2024-09-25', '17:38:09', 1),
(17390, 13, 14.00, '2024-09-25', '17:38:16', 1),
(17391, 13, 14.00, '2024-09-25', '17:38:20', 1),
(17392, 13, 14.00, '2024-09-25', '17:38:24', 1),
(17393, 13, 14.00, '2024-09-25', '17:38:28', 1),
(17394, 13, 14.00, '2024-09-25', '17:38:35', 1),
(17395, 13, 14.00, '2024-09-25', '17:38:39', 1),
(17396, 13, 14.00, '2024-09-25', '17:38:44', 1),
(17397, 13, 14.00, '2024-09-25', '17:38:48', 1),
(17398, 13, 14.00, '2024-09-25', '17:38:52', 1),
(17399, 13, 14.00, '2024-09-25', '17:38:59', 1),
(17400, 13, 14.00, '2024-09-25', '17:39:03', 1),
(17401, 0, 15.00, '2024-09-26', '09:46:02', 1),
(17402, 13, 15.00, '2024-09-26', '09:46:07', 1),
(17403, 14, 15.00, '2024-09-26', '09:46:12', 1),
(17404, 13, 15.00, '2024-09-26', '09:46:16', 1),
(17405, 14, 15.00, '2024-09-26', '09:46:20', 1),
(17406, 13, 15.00, '2024-09-26', '09:46:25', 1),
(17407, 13, 15.00, '2024-09-26', '09:46:29', 1),
(17408, 13, 15.00, '2024-09-26', '09:46:34', 1),
(17409, 13, 15.00, '2024-09-26', '09:46:38', 1),
(17410, 13, 15.00, '2024-09-26', '09:46:45', 1),
(17411, 13, 15.00, '2024-09-26', '09:46:49', 1),
(17412, 13, 15.00, '2024-09-26', '09:46:53', 1),
(17413, 13, 15.00, '2024-09-26', '09:47:00', 1),
(17414, 13, 15.00, '2024-09-26', '09:47:04', 1),
(17415, 13, 15.00, '2024-09-26', '09:47:09', 1),
(17416, 13, 15.00, '2024-09-26', '09:47:13', 1),
(17417, 13, 15.00, '2024-09-26', '09:47:20', 1),
(17418, 20, 15.00, '2024-09-26', '09:47:30', 1),
(17419, 13, 15.00, '2024-09-26', '09:47:35', 1),
(17420, 16, 15.00, '2024-09-26', '09:47:40', 1),
(17421, 14, 15.00, '2024-09-26', '09:47:44', 1),
(17422, 20, 15.00, '2024-09-26', '09:47:50', 1),
(17423, 20, 15.00, '2024-09-26', '09:47:54', 1),
(17424, 19, 15.00, '2024-09-26', '09:48:02', 1),
(17425, 14, 15.00, '2024-09-26', '09:48:08', 1),
(17426, 15, 15.00, '2024-09-26', '09:48:13', 1),
(17427, 13, 15.00, '2024-09-26', '09:48:17', 1),
(17428, 13, 15.00, '2024-09-26', '09:48:21', 1),
(17429, 14, 15.00, '2024-09-26', '09:48:32', 1),
(17430, 14, 15.00, '2024-09-26', '09:48:36', 1),
(17431, 13, 15.00, '2024-09-26', '09:48:41', 1),
(17432, 13, 15.00, '2024-09-26', '09:48:48', 1),
(17433, 13, 15.00, '2024-09-26', '09:48:52', 1),
(17434, 13, 15.00, '2024-09-26', '09:48:56', 1),
(17435, 14, 15.00, '2024-09-26', '09:49:00', 1),
(17436, 12, 15.00, '2024-09-26', '09:49:07', 1),
(17437, 13, 15.00, '2024-09-26', '09:49:12', 1),
(17438, 12, 15.00, '2024-09-26', '09:49:19', 1),
(17439, 13, 15.00, '2024-09-26', '09:49:25', 1),
(17440, 13, 15.00, '2024-09-26', '09:49:33', 1),
(17441, 13, 15.00, '2024-09-26', '09:49:38', 1),
(17442, 11, 15.00, '2024-09-26', '09:49:42', 1),
(17443, 13, 15.00, '2024-09-26', '09:49:47', 1),
(17444, 13, 15.00, '2024-09-26', '09:49:51', 1),
(17445, 13, 15.00, '2024-09-26', '09:49:58', 1),
(17446, 13, 15.00, '2024-09-26', '09:50:02', 1),
(17447, 13, 15.00, '2024-09-26', '09:50:07', 1),
(17448, 13, 15.00, '2024-09-26', '09:50:11', 1),
(17449, 13, 15.00, '2024-09-26', '09:50:15', 1),
(17450, 13, 15.00, '2024-09-26', '09:50:22', 1),
(17451, 13, 15.00, '2024-09-26', '09:50:26', 1),
(17452, 13, 15.00, '2024-09-26', '09:50:30', 1),
(17453, 13, 15.00, '2024-09-26', '09:50:35', 1),
(17454, 13, 15.00, '2024-09-26', '09:50:39', 1),
(17455, 13, 15.00, '2024-09-26', '09:50:44', 1),
(17456, 13, 15.00, '2024-09-26', '09:50:49', 1),
(17457, 13, 15.00, '2024-09-26', '09:50:53', 1),
(17458, 13, 15.00, '2024-09-26', '09:50:57', 1),
(17459, 13, 15.00, '2024-09-26', '09:51:01', 1),
(17460, 13, 15.00, '2024-09-26', '09:51:06', 1),
(17461, 13, 15.00, '2024-09-26', '09:51:10', 1),
(17462, 13, 15.00, '2024-09-26', '09:51:14', 1),
(17463, 13, 15.00, '2024-09-26', '09:51:19', 1),
(17464, 13, 15.00, '2024-09-26', '09:51:52', 1),
(17465, 13, 15.00, '2024-09-26', '09:52:27', 1),
(17466, 13, 15.00, '2024-09-26', '09:52:45', 1),
(17467, 13, 15.00, '2024-09-26', '09:52:54', 1),
(17468, 13, 15.00, '2024-09-26', '09:52:58', 1),
(17469, 13, 15.00, '2024-09-26', '09:53:14', 1),
(17470, 13, 15.00, '2024-09-26', '09:54:47', 1),
(17471, 13, 15.00, '2024-09-26', '09:55:41', 1),
(17472, 13, 15.00, '2024-09-26', '09:57:02', 1),
(17473, 13, 15.00, '2024-09-26', '09:57:06', 1),
(17474, 13, 15.00, '2024-09-26', '09:57:14', 1),
(17475, 13, 15.00, '2024-09-26', '09:57:17', 1),
(17476, 13, 15.00, '2024-09-26', '09:57:22', 1),
(17477, 13, 15.00, '2024-09-26', '09:57:26', 1),
(17478, 13, 15.00, '2024-09-26', '09:59:57', 1),
(17479, 13, 15.00, '2024-09-26', '10:00:02', 1),
(17480, 13, 15.00, '2024-09-26', '10:00:06', 1),
(17481, 13, 15.00, '2024-09-26', '10:00:11', 1),
(17482, 13, 15.00, '2024-09-26', '10:00:16', 1),
(17483, 13, 15.00, '2024-09-26', '10:00:19', 1),
(17484, 13, 15.00, '2024-09-26', '10:00:24', 1),
(17485, 13, 15.00, '2024-09-26', '10:00:28', 1),
(17486, 13, 15.00, '2024-09-26', '10:00:33', 1),
(17487, 13, 15.00, '2024-09-26', '10:00:37', 1),
(17488, 13, 15.00, '2024-09-26', '10:00:42', 1),
(17489, 13, 15.00, '2024-09-26', '10:00:46', 1),
(17490, 13, 15.00, '2024-09-26', '10:00:50', 1),
(17491, 13, 15.00, '2024-09-26', '10:00:55', 1),
(17492, 13, 15.00, '2024-09-26', '10:00:59', 1),
(17493, 13, 15.00, '2024-09-26', '10:01:03', 1),
(17494, 13, 15.00, '2024-09-26', '10:01:08', 1),
(17495, 13, 15.00, '2024-09-26', '10:01:12', 1),
(17496, 13, 15.00, '2024-09-26', '10:01:16', 1),
(17497, 13, 15.00, '2024-09-26', '10:01:21', 1),
(17498, 13, 15.00, '2024-09-26', '10:01:26', 1),
(17499, 13, 15.00, '2024-09-26', '10:01:31', 1),
(17500, 13, 15.00, '2024-09-26', '10:01:52', 1),
(17501, 13, 15.00, '2024-09-26', '10:01:56', 1),
(17502, 13, 15.00, '2024-09-26', '10:02:05', 1),
(17503, 13, 15.00, '2024-09-26', '10:02:09', 1),
(17504, 13, 15.00, '2024-09-26', '10:02:23', 1),
(17505, 13, 15.00, '2024-09-26', '10:02:36', 1),
(17506, 13, 15.00, '2024-09-26', '10:02:40', 1),
(17507, 13, 15.00, '2024-09-26', '10:02:45', 1),
(17508, 13, 15.00, '2024-09-26', '10:02:55', 1),
(17509, 13, 15.00, '2024-09-26', '10:03:00', 1),
(17510, 13, 15.00, '2024-09-26', '10:03:33', 1),
(17511, 13, 15.00, '2024-09-26', '10:03:37', 1),
(17512, 13, 15.00, '2024-09-26', '10:03:42', 1),
(17513, 13, 15.00, '2024-09-26', '10:03:47', 1),
(17514, 13, 15.00, '2024-09-26', '10:03:50', 1),
(17515, 13, 15.00, '2024-09-26', '10:03:57', 1),
(17516, 13, 15.00, '2024-09-26', '10:04:07', 1),
(17517, 13, 15.00, '2024-09-26', '10:04:13', 1),
(17518, 13, 15.00, '2024-09-26', '10:04:21', 1),
(17519, 13, 15.00, '2024-09-26', '10:04:36', 1),
(17520, 13, 15.00, '2024-09-26', '10:04:42', 1),
(17521, 13, 15.00, '2024-09-26', '10:05:09', 1),
(17522, 14, 15.00, '2024-09-26', '10:05:14', 1),
(17523, 14, 16.00, '2024-09-26', '10:06:11', 1),
(17524, 14, 17.00, '2024-09-26', '10:06:49', 1),
(17525, 14, 17.00, '2024-09-26', '10:07:34', 1),
(17526, 14, 17.00, '2024-09-26', '10:07:39', 1),
(17527, 0, 15.00, '2024-09-26', '10:15:33', 1),
(17528, 14, 15.00, '2024-09-26', '10:15:42', 1),
(17529, 15, 15.00, '2024-09-26', '10:15:46', 1),
(17530, 15, 15.00, '2024-09-26', '10:15:52', 1),
(17531, 14, 15.00, '2024-09-26', '10:15:57', 1),
(17532, 14, 16.00, '2024-09-26', '10:16:02', 1),
(17533, 14, 16.00, '2024-09-26', '10:16:06', 1),
(17534, 14, 16.00, '2024-09-26', '10:16:13', 1),
(17535, 14, 16.00, '2024-09-26', '10:16:17', 1),
(17536, 14, 16.00, '2024-09-26', '10:16:26', 1),
(17537, 14, 16.00, '2024-09-26', '10:16:35', 1),
(17538, 14, 16.00, '2024-09-26', '10:16:41', 1),
(17539, 14, 16.00, '2024-09-26', '10:16:46', 1),
(17540, 14, 16.00, '2024-09-26', '10:17:12', 1),
(17541, 14, 16.00, '2024-09-26', '10:17:20', 1),
(17542, 14, 16.00, '2024-09-26', '10:17:33', 1),
(17543, 15, 19.00, '2024-09-26', '10:17:36', 1),
(17544, 15, 19.00, '2024-09-26', '10:17:41', 1),
(17545, 15, 20.00, '2024-09-26', '10:17:45', 1),
(17546, 14, 16.00, '2024-09-26', '10:18:30', 1),
(17547, 14, 16.00, '2024-09-26', '10:18:37', 1),
(17548, 15, 16.00, '2024-09-26', '10:18:44', 1),
(17549, 15, 16.00, '2024-09-26', '10:18:49', 1),
(17550, 15, 16.00, '2024-09-26', '10:18:54', 1),
(17551, 15, 16.00, '2024-09-26', '10:18:58', 1),
(17552, 15, 16.00, '2024-09-26', '10:19:02', 1),
(17553, 15, 16.00, '2024-09-26', '10:19:08', 1),
(17554, 15, 16.00, '2024-09-26', '10:19:17', 1),
(17555, 15, 16.00, '2024-09-26', '10:19:26', 1),
(17556, 14, 16.00, '2024-09-26', '10:19:36', 1),
(17557, 14, 16.00, '2024-09-26', '10:19:39', 1),
(17558, 14, 16.00, '2024-09-26', '10:19:47', 1),
(17559, 14, 16.00, '2024-09-26', '10:19:53', 1),
(17560, 14, 16.00, '2024-09-26', '10:19:58', 1),
(17561, 14, 16.00, '2024-09-26', '10:20:04', 1),
(17562, 14, 16.00, '2024-09-26', '10:20:08', 1),
(17563, 14, 16.00, '2024-09-26', '10:20:13', 1),
(17564, 15, 16.00, '2024-09-26', '10:20:20', 1),
(17565, 15, 16.00, '2024-09-26', '10:20:24', 1),
(17566, 15, 16.00, '2024-09-26', '10:20:29', 1),
(17567, 15, 16.00, '2024-09-26', '10:20:33', 1),
(17568, 15, 16.00, '2024-09-26', '10:20:36', 1),
(17569, 14, 16.00, '2024-09-26', '10:20:40', 1),
(17570, 14, 16.00, '2024-09-26', '10:20:50', 1),
(17571, 15, 16.00, '2024-09-26', '10:20:59', 1),
(17572, 15, 16.00, '2024-09-26', '10:21:03', 1),
(17573, 15, 16.00, '2024-09-26', '10:21:08', 1),
(17574, 15, 16.00, '2024-09-26', '10:21:19', 1),
(17575, 14, 16.00, '2024-09-26', '10:21:23', 1),
(17576, 15, 16.00, '2024-09-26', '10:21:29', 1),
(17577, 15, 16.00, '2024-09-26', '10:21:41', 1),
(17578, 15, 16.00, '2024-09-26', '10:21:45', 1),
(17579, 15, 16.00, '2024-09-26', '10:21:51', 1),
(17580, 15, 16.00, '2024-09-26', '10:21:57', 1),
(17581, 15, 16.00, '2024-09-26', '10:22:01', 1),
(17582, 15, 16.00, '2024-09-26', '10:22:11', 1),
(17583, 15, 16.00, '2024-09-26', '10:22:34', 1),
(17584, 15, 16.00, '2024-09-26', '10:22:39', 1),
(17585, 15, 16.00, '2024-09-26', '10:22:45', 1),
(17586, 15, 16.00, '2024-09-26', '10:22:48', 1),
(17587, 15, 16.00, '2024-09-26', '10:22:53', 1),
(17588, 15, 16.00, '2024-09-26', '10:22:58', 1),
(17589, 15, 16.00, '2024-09-26', '10:23:04', 1),
(17590, 15, 16.00, '2024-09-26', '10:23:11', 1),
(17591, 15, 16.00, '2024-09-26', '10:23:25', 1),
(17592, 15, 16.00, '2024-09-26', '10:23:29', 1),
(17593, 15, 16.00, '2024-09-26', '10:23:34', 1),
(17594, 15, 16.00, '2024-09-26', '10:23:40', 1),
(17595, 15, 16.00, '2024-09-26', '10:23:49', 1),
(17596, 15, 16.00, '2024-09-26', '10:23:53', 1),
(17597, 15, 16.00, '2024-09-26', '10:23:59', 1),
(17598, 15, 16.00, '2024-09-26', '10:24:03', 1),
(17599, 15, 16.00, '2024-09-26', '10:24:07', 1),
(17600, 15, 16.00, '2024-09-26', '10:24:13', 1),
(17601, 15, 16.00, '2024-09-26', '10:24:22', 1),
(17602, 15, 16.00, '2024-09-26', '10:24:38', 1),
(17603, 15, 16.00, '2024-09-26', '10:24:43', 1),
(17604, 15, 16.00, '2024-09-26', '10:24:49', 1),
(17605, 15, 16.00, '2024-09-26', '10:24:54', 1),
(17606, 15, 16.00, '2024-09-26', '10:24:58', 1),
(17607, 15, 16.00, '2024-09-26', '10:25:06', 1),
(17608, 15, 16.00, '2024-09-26', '10:25:16', 1),
(17609, 15, 16.00, '2024-09-26', '10:25:25', 1),
(17610, 15, 16.00, '2024-09-26', '10:25:36', 1),
(17611, 15, 16.00, '2024-09-26', '10:25:40', 1),
(17612, 15, 16.00, '2024-09-26', '10:25:47', 1),
(17613, 15, 16.00, '2024-09-26', '10:25:52', 1),
(17614, 0, 16.00, '2024-09-26', '10:25:58', 1),
(17615, 0, 16.00, '2024-09-26', '10:26:04', 1),
(17616, 10, 16.00, '2024-09-26', '10:26:25', 1),
(17617, 15, 16.00, '2024-09-26', '10:26:31', 1),
(17618, 15, 16.00, '2024-09-26', '10:27:01', 1),
(17619, 15, 16.00, '2024-09-26', '10:27:06', 1),
(17620, 15, 16.00, '2024-09-26', '10:27:18', 1),
(17621, 15, 16.00, '2024-09-26', '10:27:21', 1),
(17622, 14, 16.00, '2024-09-26', '10:27:26', 1),
(17623, 14, 16.00, '2024-09-26', '10:27:36', 1),
(17624, 14, 16.00, '2024-09-26', '10:27:42', 1),
(17625, 14, 16.00, '2024-09-26', '10:27:55', 1),
(17626, 14, 16.00, '2024-09-26', '10:28:03', 1),
(17627, 15, 16.00, '2024-09-26', '10:28:12', 1),
(17628, 15, 16.00, '2024-09-26', '10:28:17', 1),
(17629, 15, 16.00, '2024-09-26', '10:28:23', 1),
(17630, 15, 16.00, '2024-09-26', '10:28:39', 1),
(17631, 15, 16.00, '2024-09-26', '10:28:47', 1),
(17632, 14, 16.00, '2024-09-26', '10:28:54', 1),
(17633, 15, 16.00, '2024-09-26', '10:29:03', 1),
(17634, 15, 16.00, '2024-09-26', '10:29:10', 1),
(17635, 14, 16.00, '2024-09-26', '10:29:19', 1),
(17636, 15, 16.00, '2024-09-26', '10:29:24', 1),
(17637, 15, 16.00, '2024-09-26', '10:29:29', 1),
(17638, 15, 16.00, '2024-09-26', '10:29:38', 1),
(17639, 14, 16.00, '2024-09-26', '10:29:52', 1),
(17640, 14, 19.00, '2024-09-26', '10:29:59', 1),
(17641, 14, 20.00, '2024-09-26', '10:30:07', 1),
(17642, 14, 20.00, '2024-09-26', '10:30:12', 1),
(17643, 15, 20.00, '2024-09-26', '10:30:17', 1),
(17644, 15, 20.00, '2024-09-26', '10:30:21', 1),
(17645, 15, 20.00, '2024-09-26', '10:30:26', 1),
(17646, 15, 20.00, '2024-09-26', '10:30:31', 1),
(17647, 14, 20.00, '2024-09-26', '10:30:34', 1),
(17648, 14, 20.00, '2024-09-26', '10:30:39', 1),
(17649, 14, 20.00, '2024-09-26', '10:30:48', 1),
(17650, 14, 20.00, '2024-09-26', '10:30:52', 1),
(17651, 14, 20.00, '2024-09-26', '10:30:59', 1),
(17652, 15, 20.00, '2024-09-26', '10:31:03', 1),
(17653, 15, 20.00, '2024-09-26', '10:31:26', 1),
(17654, 0, 0.00, '2024-09-26', '11:17:22', 1),
(17655, 0, 0.00, '2024-09-26', '11:46:23', 1),
(17656, 14, 15.00, '2024-09-26', '12:11:34', 1),
(17657, 15, 15.00, '2024-09-26', '12:11:38', 1),
(17658, 15, 15.00, '2024-09-26', '12:11:43', 1),
(17659, 14, 15.00, '2024-09-26', '12:11:49', 1),
(17660, 14, 15.00, '2024-09-26', '12:11:53', 1),
(17661, 15, 15.00, '2024-09-26', '12:11:58', 1),
(17662, 14, 15.00, '2024-09-26', '12:12:02', 1),
(17663, 15, 15.00, '2024-09-26', '12:12:06', 1),
(17664, 15, 15.00, '2024-09-26', '12:12:13', 1),
(17665, 15, 15.00, '2024-09-26', '12:12:17', 1),
(17666, 15, 15.00, '2024-09-26', '12:12:22', 1),
(17667, 14, 15.00, '2024-09-26', '12:12:26', 1),
(17668, 14, 15.00, '2024-09-26', '12:12:32', 1),
(17669, 15, 15.00, '2024-09-26', '12:12:38', 1),
(17670, 15, 15.00, '2024-09-26', '12:12:45', 1),
(17671, 15, 15.00, '2024-09-26', '12:12:58', 1),
(17672, 15, 15.00, '2024-09-26', '12:13:06', 1),
(17673, 15, 15.00, '2024-09-26', '12:13:17', 1),
(17674, 14, 15.00, '2024-09-26', '12:13:34', 1),
(17675, 15, 15.00, '2024-09-26', '12:13:43', 1),
(17676, 15, 15.00, '2024-09-26', '12:13:48', 1),
(17677, 14, 15.00, '2024-09-26', '12:13:52', 1),
(17678, 15, 15.00, '2024-09-26', '12:13:56', 1),
(17679, 15, 15.00, '2024-09-26', '12:14:00', 1),
(17680, 15, 15.00, '2024-09-26', '12:14:06', 1),
(17681, 15, 15.00, '2024-09-26', '12:14:10', 1),
(17682, 15, 15.00, '2024-09-26', '12:14:14', 1),
(17683, 15, 15.00, '2024-09-26', '12:14:18', 1),
(17684, 15, 15.00, '2024-09-26', '12:14:30', 1),
(17685, 15, 15.00, '2024-09-26', '12:14:35', 1),
(17686, 15, 15.00, '2024-09-26', '12:14:43', 1),
(17687, 15, 15.00, '2024-09-26', '12:14:47', 1),
(17688, 15, 15.00, '2024-09-26', '12:14:51', 1),
(17689, 15, 15.00, '2024-09-26', '12:15:02', 1),
(17690, 15, 15.00, '2024-09-26', '12:15:13', 1),
(17691, 15, 15.00, '2024-09-26', '12:15:20', 1),
(17692, 15, 15.00, '2024-09-26', '12:15:28', 1),
(17693, 15, 15.00, '2024-09-26', '12:15:37', 1),
(17694, 15, 15.00, '2024-09-26', '12:15:47', 1),
(17695, 15, 15.00, '2024-09-26', '12:15:51', 1),
(17696, 15, 15.00, '2024-09-26', '12:16:00', 1),
(17697, 15, 15.00, '2024-09-26', '12:16:04', 1),
(17698, 15, 15.00, '2024-09-26', '12:16:08', 1),
(17699, 15, 15.00, '2024-09-26', '12:16:12', 1),
(17700, 15, 15.00, '2024-09-26', '12:16:18', 1),
(17701, 15, 15.00, '2024-09-26', '12:16:32', 1),
(17702, 15, 15.00, '2024-09-26', '12:16:37', 1),
(17703, 15, 15.00, '2024-09-26', '12:16:42', 1),
(17704, 15, 15.00, '2024-09-26', '12:16:51', 1),
(17705, 15, 15.00, '2024-09-26', '12:16:56', 1),
(17706, 15, 15.00, '2024-09-26', '12:17:01', 1),
(17707, 15, 15.00, '2024-09-26', '12:17:05', 1),
(17708, 15, 15.00, '2024-09-26', '12:17:11', 1),
(17709, 15, 15.00, '2024-09-26', '12:17:19', 1),
(17710, 14, 15.00, '2024-09-26', '12:17:38', 1),
(17711, 15, 15.00, '2024-09-26', '12:17:43', 1),
(17712, 15, 15.00, '2024-09-26', '12:17:47', 1),
(17713, 15, 15.00, '2024-09-26', '12:18:01', 1),
(17714, 15, 15.00, '2024-09-26', '12:18:12', 1),
(17715, 15, 15.00, '2024-09-26', '12:18:18', 1),
(17716, 15, 15.00, '2024-09-26', '12:18:24', 1),
(17717, 15, 15.00, '2024-09-26', '12:18:31', 1),
(17718, 15, 15.00, '2024-09-26', '12:18:35', 1),
(17719, 15, 15.00, '2024-09-26', '12:18:40', 1),
(17720, 15, 15.00, '2024-09-26', '12:18:46', 1),
(17721, 15, 15.00, '2024-09-26', '12:18:59', 1),
(17722, 15, 15.00, '2024-09-26', '12:19:06', 1),
(17723, 15, 15.00, '2024-09-26', '12:19:11', 1),
(17724, 15, 15.00, '2024-09-26', '12:19:19', 1),
(17725, 15, 15.00, '2024-09-26', '12:19:29', 1),
(17726, 15, 15.00, '2024-09-26', '12:19:33', 1),
(17727, 15, 15.00, '2024-09-26', '12:19:39', 1),
(17728, 15, 15.00, '2024-09-26', '12:19:45', 1),
(17729, 15, 15.00, '2024-09-26', '12:19:53', 1),
(17730, 15, 15.00, '2024-09-26', '12:19:59', 1),
(17731, 14, 15.00, '2024-09-26', '12:20:08', 1),
(17732, 15, 15.00, '2024-09-26', '12:20:30', 1),
(17733, 15, 15.00, '2024-09-26', '12:20:36', 1),
(17734, 15, 15.00, '2024-09-26', '12:20:43', 1),
(17735, 15, 15.00, '2024-09-26', '12:21:14', 1),
(17736, 15, 15.00, '2024-09-26', '12:21:20', 1),
(17737, 15, 15.00, '2024-09-26', '12:21:25', 1),
(17738, 15, 15.00, '2024-09-26', '12:21:30', 1),
(17739, 15, 15.00, '2024-09-26', '12:21:34', 1),
(17740, 15, 15.00, '2024-09-26', '12:23:20', 1),
(17741, 15, 15.00, '2024-09-26', '12:23:25', 1),
(17742, 15, 15.00, '2024-09-26', '12:23:30', 1),
(17743, 15, 15.00, '2024-09-26', '12:23:34', 1),
(17744, 15, 15.00, '2024-09-26', '12:23:38', 1),
(17745, 15, 15.00, '2024-09-26', '12:23:43', 1),
(17746, 15, 15.00, '2024-09-26', '12:38:17', 1),
(17747, 15, 15.00, '2024-09-26', '12:38:21', 1),
(17748, 15, 15.00, '2024-09-26', '12:38:29', 1),
(17749, 0, 15.00, '2024-09-26', '12:38:39', 1),
(17750, 15, 15.00, '2024-09-26', '12:38:43', 1),
(17751, 15, 15.00, '2024-09-26', '12:38:50', 1),
(17752, 15, 15.00, '2024-09-26', '13:58:59', 1),
(17753, 14, 15.00, '2024-09-26', '13:59:06', 1),
(17754, 15, 15.00, '2024-09-26', '13:59:13', 1),
(17755, 15, 15.00, '2024-09-26', '13:59:19', 1),
(17756, 15, 15.00, '2024-09-26', '13:59:26', 1),
(17757, 15, 15.00, '2024-09-26', '13:59:34', 1),
(17758, 15, 15.00, '2024-09-26', '13:59:41', 1),
(17759, 15, 15.00, '2024-09-26', '13:59:57', 1),
(17760, 15, 15.00, '2024-09-26', '14:00:07', 1),
(17761, 15, 15.00, '2024-09-26', '14:00:18', 1),
(17762, 15, 15.00, '2024-09-26', '14:00:23', 1),
(17763, 15, 15.00, '2024-09-26', '14:00:30', 1),
(17764, 15, 15.00, '2024-09-26', '14:00:38', 1),
(17765, 15, 15.00, '2024-09-26', '14:00:45', 1),
(17766, 20, 15.00, '2024-09-26', '14:00:57', 1),
(17767, 15, 15.00, '2024-09-26', '14:01:04', 1),
(17768, 15, 15.00, '2024-09-26', '14:01:11', 1),
(17769, 15, 15.00, '2024-09-26', '14:01:15', 1),
(17770, 15, 15.00, '2024-09-26', '14:01:21', 1),
(17771, 15, 15.00, '2024-09-26', '14:01:30', 1),
(17772, 15, 15.00, '2024-09-26', '14:01:48', 1),
(17773, 15, 15.00, '2024-09-26', '14:02:01', 1),
(17774, 15, 15.00, '2024-09-26', '14:02:06', 1);

-- --------------------------------------------------------

--
-- Estructura de tabla para la tabla `localidad`
--

CREATE TABLE `localidad` (
  `Id_Localidad` int(11) NOT NULL,
  `nom_localidad` varchar(255) NOT NULL,
  `altitud_localidad` float(10,8) NOT NULL,
  `longitud_localidad` decimal(11,8) NOT NULL,
  `latitud_localidad` decimal(10,8) NOT NULL,
  `Id_Municipio` int(11) DEFAULT NULL
) ENGINE=InnoDB DEFAULT CHARSET=latin1 COLLATE=latin1_swedish_ci;

--
-- Volcado de datos para la tabla `localidad`
--

INSERT INTO `localidad` (`Id_Localidad`, `nom_localidad`, `altitud_localidad`, `longitud_localidad`, `latitud_localidad`, `Id_Municipio`) VALUES
(1, 'Localidad 1', 100.00000000, 50.12345678, 40.12345678, 1),
(2, 'Localidad 2', 100.00000000, 60.12345678, 70.12345678, 1),
(3, 'Localidad 3', 100.00000000, 70.12345678, 80.12345678, 2),
(4, 'Localidad 4', 100.00000000, 80.12345678, 90.12345678, 2),
(5, 'Localidad 5', 100.00000000, 90.12345678, 99.99999999, 3);

-- --------------------------------------------------------

--
-- Estructura de tabla para la tabla `municipio`
--

CREATE TABLE `municipio` (
  `Id_Municipio` int(11) NOT NULL,
  `nom_municipio` varchar(255) NOT NULL,
  `altitud_municipio` float(10,8) NOT NULL,
  `longitud_municipio` decimal(11,8) NOT NULL,
  `latitud_municipio` decimal(10,8) NOT NULL
) ENGINE=InnoDB DEFAULT CHARSET=latin1 COLLATE=latin1_swedish_ci;

--
-- Volcado de datos para la tabla `municipio`
--

INSERT INTO `municipio` (`Id_Municipio`, `nom_municipio`, `altitud_municipio`, `longitud_municipio`, `latitud_municipio`) VALUES
(1, 'Municipio 1', 100.00000000, 50.12345678, 40.12345678),
(2, 'Municipio 2', 100.00000000, 60.12345678, 70.12345678),
(3, 'Municipio 3', 100.00000000, 70.12345678, 80.12345678),
(4, 'Municipio 4', 100.00000000, 80.12345678, 90.12345678),
(5, 'Municipio 5', 100.00000000, 90.12345678, 99.99999999);

-- --------------------------------------------------------

--
-- Estructura de tabla para la tabla `pluviometro`
--

CREATE TABLE `pluviometro` (
  `id_pluv` int(11) NOT NULL,
  `lluvia` decimal(5,2) NOT NULL,
  `fecha` date NOT NULL,
  `hora` time NOT NULL,
  `id_dispositivo` int(11) NOT NULL
) ENGINE=InnoDB DEFAULT CHARSET=utf8mb4 COLLATE=utf8mb4_unicode_ci;

--
-- Volcado de datos para la tabla `pluviometro`
--

INSERT INTO `pluviometro` (`id_pluv`, `lluvia`, `fecha`, `hora`, `id_dispositivo`) VALUES
(2876, 12.00, '2024-09-25', '18:57:01', 1),
(2877, 9.00, '2024-09-25', '19:07:10', 1),
(2878, 0.00, '2024-09-25', '19:07:16', 1),
(2879, 1.00, '2024-09-25', '19:13:45', 1),
(2880, 5.00, '2024-09-25', '19:13:53', 1),
(2881, 4.00, '2024-09-25', '19:13:56', 1),
(2882, 6.00, '2024-09-25', '19:13:59', 1),
(2883, 1.00, '2024-09-25', '19:14:02', 1);

-- --------------------------------------------------------

--
-- Estructura de tabla para la tabla `rio`
--

CREATE TABLE `rio` (
  `Id_Rio` int(11) NOT NULL,
  `nom_rio` varchar(255) NOT NULL,
  `altitud_rio_inicio` float(10,8) NOT NULL,
  `altitud_rio_fin` float(10,8) NOT NULL,
  `longitud_rio_inicio` decimal(11,8) NOT NULL,
  `longitud_rio_fin` decimal(11,8) NOT NULL,
  `latitud_rio_inicio` decimal(10,8) NOT NULL,
  `latitud_rio_fin` decimal(10,8) NOT NULL,
  `Id_Seccion` int(11) DEFAULT NULL
) ENGINE=InnoDB DEFAULT CHARSET=latin1 COLLATE=latin1_swedish_ci;

-- --------------------------------------------------------

--
-- Estructura de tabla para la tabla `seccion_rio`
--

CREATE TABLE `seccion_rio` (
  `Id_Seccion` int(11) NOT NULL,
  `nom_seccion` varchar(255) NOT NULL,
  `altitud_seccion_inicio` float(10,8) NOT NULL,
  `altitud_seccion_fin` float(10,8) NOT NULL,
  `longitud_seccion_inicio` decimal(11,8) NOT NULL,
  `longitud_seccion_fin` decimal(11,8) NOT NULL,
  `latitud_seccion_inicio` decimal(10,8) NOT NULL,
  `latitud_seccion_fin` decimal(10,8) NOT NULL,
  `Id_Localidad` int(11) DEFAULT NULL
) ENGINE=InnoDB DEFAULT CHARSET=latin1 COLLATE=latin1_swedish_ci;

--
-- Volcado de datos para la tabla `seccion_rio`
--

INSERT INTO `seccion_rio` (`Id_Seccion`, `nom_seccion`, `altitud_seccion_inicio`, `altitud_seccion_fin`, `longitud_seccion_inicio`, `longitud_seccion_fin`, `latitud_seccion_inicio`, `latitud_seccion_fin`, `Id_Localidad`) VALUES
(1, 'Sección 1', 10.12345695, 15.98765469, 20.12345678, 25.98765432, 30.12345678, 35.98765432, 1),
(2, 'Sección 2', 11.12345695, 16.98765373, 21.12345678, 26.98765432, 31.12345678, 36.98765432, 1),
(3, 'Sección 3', 12.12345695, 17.98765373, 22.12345678, 27.98765432, 32.12345678, 37.98765432, 2),
(4, 'Sección 4', 13.12345695, 18.98765373, 23.12345678, 28.98765432, 33.12345678, 38.98765432, 2),
(5, 'Sección 5', 14.12345695, 19.98765373, 24.12345678, 29.98765432, 34.12345678, 39.98765432, 3);

-- --------------------------------------------------------

--
-- Estructura de tabla para la tabla `usuario`
--

CREATE TABLE `usuario` (
  `Id_Usuario` int(11) NOT NULL,
  `nom_usuario` varchar(255) NOT NULL,
  `apellido_usuario` varchar(255) NOT NULL,
  `Username_usuario` varchar(100) NOT NULL,
  `edad_usuario` int(11) NOT NULL,
  `Sexo_usuario` varchar(20) NOT NULL,
  `Correo_usuario` varchar(255) NOT NULL,
  `Telefono_usuario` varchar(10) NOT NULL,
  `Contraseña_usuario` varchar(80) NOT NULL,
  `Id_Dispositivo` int(11) DEFAULT NULL
) ENGINE=InnoDB DEFAULT CHARSET=latin1 COLLATE=latin1_swedish_ci;

--
-- Volcado de datos para la tabla `usuario`
--

INSERT INTO `usuario` (`Id_Usuario`, `nom_usuario`, `apellido_usuario`, `Username_usuario`, `edad_usuario`, `Sexo_usuario`, `Correo_usuario`, `Telefono_usuario`, `Contraseña_usuario`, `Id_Dispositivo`) VALUES
(1, 'Geovani', 'Lopez', 'Geolopez', 28, 'Femenino', 'ana@example.com', '9876543210', 'abc123', NULL);

--
-- Índices para tablas volcadas
--

--
-- Indices de la tabla `administrador`
--
ALTER TABLE `administrador`
  ADD PRIMARY KEY (`Id_admin`),
  ADD KEY `Id_Dispositivo` (`Id_Dispositivo`);

--
-- Indices de la tabla `alerta`
--
ALTER TABLE `alerta`
  ADD PRIMARY KEY (`Id_Alerta`),
  ADD KEY `Id_Dispositivo` (`Id_Dispositivo`);

--
-- Indices de la tabla `dispositivo`
--
ALTER TABLE `dispositivo`
  ADD PRIMARY KEY (`Id_Dispositivo`),
  ADD KEY `Id_Seccion` (`Id_Seccion`);

--
-- Indices de la tabla `favorito`
--
ALTER TABLE `favorito`
  ADD KEY `Id_Dispositivo` (`Id_Dispositivo`),
  ADD KEY `Id_Usuario` (`Id_Usuario`);

--
-- Indices de la tabla `lectura_ambiental`
--
ALTER TABLE `lectura_ambiental`
  ADD PRIMARY KEY (`Id_Lec_Ambi`),
  ADD KEY `Id_Dispositivo` (`Id_Dispositivo`);

--
-- Indices de la tabla `lectura_rio`
--
ALTER TABLE `lectura_rio`
  ADD PRIMARY KEY (`Id_Lec_Rio`),
  ADD KEY `Id_Dispositivo` (`Id_Dispositivo`);

--
-- Indices de la tabla `localidad`
--
ALTER TABLE `localidad`
  ADD PRIMARY KEY (`Id_Localidad`),
  ADD KEY `Id_Municipio` (`Id_Municipio`);

--
-- Indices de la tabla `municipio`
--
ALTER TABLE `municipio`
  ADD PRIMARY KEY (`Id_Municipio`);

--
-- Indices de la tabla `pluviometro`
--
ALTER TABLE `pluviometro`
  ADD PRIMARY KEY (`id_pluv`),
  ADD KEY `fk_id_dispositivo` (`id_dispositivo`);

--
-- Indices de la tabla `rio`
--
ALTER TABLE `rio`
  ADD PRIMARY KEY (`Id_Rio`),
  ADD KEY `Id_Seccion` (`Id_Seccion`);

--
-- Indices de la tabla `seccion_rio`
--
ALTER TABLE `seccion_rio`
  ADD PRIMARY KEY (`Id_Seccion`),
  ADD KEY `Id_Localidad` (`Id_Localidad`);

--
-- Indices de la tabla `usuario`
--
ALTER TABLE `usuario`
  ADD PRIMARY KEY (`Id_Usuario`);

--
-- AUTO_INCREMENT de las tablas volcadas
--

--
-- AUTO_INCREMENT de la tabla `administrador`
--
ALTER TABLE `administrador`
  MODIFY `Id_admin` int(11) NOT NULL AUTO_INCREMENT, AUTO_INCREMENT=2;

--
-- AUTO_INCREMENT de la tabla `alerta`
--
ALTER TABLE `alerta`
  MODIFY `Id_Alerta` int(11) NOT NULL AUTO_INCREMENT, AUTO_INCREMENT=2;

--
-- AUTO_INCREMENT de la tabla `dispositivo`
--
ALTER TABLE `dispositivo`
  MODIFY `Id_Dispositivo` int(11) NOT NULL AUTO_INCREMENT, AUTO_INCREMENT=2;

--
-- AUTO_INCREMENT de la tabla `lectura_ambiental`
--
ALTER TABLE `lectura_ambiental`
  MODIFY `Id_Lec_Ambi` int(11) NOT NULL AUTO_INCREMENT, AUTO_INCREMENT=24858;

--
-- AUTO_INCREMENT de la tabla `lectura_rio`
--
ALTER TABLE `lectura_rio`
  MODIFY `Id_Lec_Rio` int(11) NOT NULL AUTO_INCREMENT, AUTO_INCREMENT=17775;

--
-- AUTO_INCREMENT de la tabla `localidad`
--
ALTER TABLE `localidad`
  MODIFY `Id_Localidad` int(11) NOT NULL AUTO_INCREMENT, AUTO_INCREMENT=6;

--
-- AUTO_INCREMENT de la tabla `municipio`
--
ALTER TABLE `municipio`
  MODIFY `Id_Municipio` int(11) NOT NULL AUTO_INCREMENT, AUTO_INCREMENT=6;

--
-- AUTO_INCREMENT de la tabla `pluviometro`
--
ALTER TABLE `pluviometro`
  MODIFY `id_pluv` int(11) NOT NULL AUTO_INCREMENT, AUTO_INCREMENT=2884;

--
-- AUTO_INCREMENT de la tabla `rio`
--
ALTER TABLE `rio`
  MODIFY `Id_Rio` int(11) NOT NULL AUTO_INCREMENT;

--
-- AUTO_INCREMENT de la tabla `seccion_rio`
--
ALTER TABLE `seccion_rio`
  MODIFY `Id_Seccion` int(11) NOT NULL AUTO_INCREMENT, AUTO_INCREMENT=6;

--
-- AUTO_INCREMENT de la tabla `usuario`
--
ALTER TABLE `usuario`
  MODIFY `Id_Usuario` int(11) NOT NULL AUTO_INCREMENT, AUTO_INCREMENT=2;

--
-- Restricciones para tablas volcadas
--

--
-- Filtros para la tabla `administrador`
--
ALTER TABLE `administrador`
  ADD CONSTRAINT `administrador_ibfk_1` FOREIGN KEY (`Id_Dispositivo`) REFERENCES `dispositivo` (`Id_Dispositivo`);

--
-- Filtros para la tabla `alerta`
--
ALTER TABLE `alerta`
  ADD CONSTRAINT `alerta_ibfk_1` FOREIGN KEY (`Id_Dispositivo`) REFERENCES `dispositivo` (`Id_Dispositivo`);

--
-- Filtros para la tabla `dispositivo`
--
ALTER TABLE `dispositivo`
  ADD CONSTRAINT `dispositivo_ibfk_1` FOREIGN KEY (`Id_Seccion`) REFERENCES `seccion_rio` (`Id_Seccion`);

--
-- Filtros para la tabla `favorito`
--
ALTER TABLE `favorito`
  ADD CONSTRAINT `favorito_ibfk_1` FOREIGN KEY (`Id_Dispositivo`) REFERENCES `dispositivo` (`Id_Dispositivo`),
  ADD CONSTRAINT `favorito_ibfk_2` FOREIGN KEY (`Id_Usuario`) REFERENCES `usuario` (`Id_Usuario`);

--
-- Filtros para la tabla `lectura_ambiental`
--
ALTER TABLE `lectura_ambiental`
  ADD CONSTRAINT `lectura_ambiental_ibfk_1` FOREIGN KEY (`Id_Dispositivo`) REFERENCES `dispositivo` (`Id_Dispositivo`);

--
-- Filtros para la tabla `lectura_rio`
--
ALTER TABLE `lectura_rio`
  ADD CONSTRAINT `lectura_rio_ibfk_1` FOREIGN KEY (`Id_Dispositivo`) REFERENCES `dispositivo` (`Id_Dispositivo`);

--
-- Filtros para la tabla `localidad`
--
ALTER TABLE `localidad`
  ADD CONSTRAINT `localidad_ibfk_1` FOREIGN KEY (`Id_Municipio`) REFERENCES `municipio` (`Id_Municipio`);

--
-- Filtros para la tabla `pluviometro`
--
ALTER TABLE `pluviometro`
  ADD CONSTRAINT `fk_id_dispositivo` FOREIGN KEY (`id_dispositivo`) REFERENCES `dispositivo` (`Id_Dispositivo`);

--
-- Filtros para la tabla `rio`
--
ALTER TABLE `rio`
  ADD CONSTRAINT `rio_ibfk_1` FOREIGN KEY (`Id_Seccion`) REFERENCES `seccion_rio` (`Id_Seccion`);

--
-- Filtros para la tabla `seccion_rio`
--
ALTER TABLE `seccion_rio`
  ADD CONSTRAINT `seccion_rio_ibfk_1` FOREIGN KEY (`Id_Localidad`) REFERENCES `localidad` (`Id_Localidad`);
COMMIT;

/*!40101 SET CHARACTER_SET_CLIENT=@OLD_CHARACTER_SET_CLIENT */;
/*!40101 SET CHARACTER_SET_RESULTS=@OLD_CHARACTER_SET_RESULTS */;
/*!40101 SET COLLATION_CONNECTION=@OLD_COLLATION_CONNECTION */;
